{"risk_factor":["(Intercept)","X"],"risk_factor_heterogeneity":["(Intercept)"],"bhat":[4.2135361799,4.546992832],"sebhat":[1.0968838776,0.22013458181],"sigmahat":[1.0847665221],"uhat":[[1.0594180197],[-2.5851035002],[1.5256854805]],"seuhat":[[1.5516433004],[1.5546908338],[1.5549737362]],"Vhat":[[3.4914495734]]}
