{"SiX":[[10,6.3431375624],[6.3431375624,9.529733118]],"SiXY":[[81.9287972107],[75.4634425489]],"SiY":[783.4033334854],"ni":[10]}
