{"SiX":[[10,-2.6395781332],[-2.6395781332,12.550492829]],"SiXY":[[3.4109300983],[56.4679411122]],"SiY":[280.8266085826],"ni":[10]}
