{"SiX":[[10,-2.2499560401],[-2.2499560401,7.2608178171]],"SiXY":[[47.6758822785],[17.7178341336]],"SiY":[360.3558155803],"ni":[10]}
